Штрих код^РРЦ^Тип сковороды^Форма сковороды^Тип покрытия^Бренд^Страна производства^Новинка^Серия^Тип товара^Тип товара (рус)^Тип аксессуара^Диаметр, см^Диаметр дна, см^Объём^Материал^Толщина стенок, мм^Высота стенки, см^Стенки^Количество ручек^Материал ручки^Толщина дна, мм^Дно^Крышка в комплекте^Внутреннее покрытие^Внешнее покрытие^Нагревание до С^Цвет снаружи^Цвет внутри^Тип плиты^Размеры (ДхШхВ)^Металл. предметы^Посудомойка^Духовка^Датчик нагрева^Съёмная ручка^Содержит PTFE^Содержит PFOA^Тип кастрюли^Тип упаковки^Удержание тепла^Удержание тепла в холоде^Срок гарантии^Разделы^Google Merchant category^Яндекс.Маркет категория^Детальное описание
6951258910310^500^Классическая^круглая^Без покрытия^Нева Металл Посуда^Россия^0^Proline^casserole^Кастрюля^^10^20^30^Нержавеющая сталь 18/10^0.5^10^под углом^2^Сталь^0.9^трехслойное утолщенное^1^Титан пк^Титан пк2^340^Матовая сталь^Светлый^Для всех видов плит (+индукция)^10х15х20^1^0^1^1^1^1^1^ковш^Коробка^12^16^10^Кастрюли|Сковороды|Жаровни^661^"Все товары/Дом и дача/Посуда и кухонные принадлежности/Приготовление пищи/Кастрюли и ковши
"^"<table width=""100%""> 
<tbody> 
<tr> <td> 
<ul> 
<li><a href=""#appearance"" >Описание Серии Frybest Keramika</a></li>

<li><a href=""#technology"" >Технология производства</a></li>

<li><a href=""#keramikaadvantages"" >Преимущества керамической посуды</a></li>
</ul>
</td> <td> 
<ul> 
<li><a href=""#composition"" >Что входит в серию Frybest Keramika</a></li>

<li><a href=""#reviews"" >Отзывы о данной модели</a></li>
</ul>
</td> </tr>
</tbody>
</table>
<img src=""/upload/medialibrary/e69/frybest-keramika.jpg"" title=""frybest keramika"" border=""0"" alt=""frybest keramika"" width=""620"" height=""187"" /> 
<p id=""appearance""><b>FRYBEST Keramika</b> главной идеей этой серии является возможность ставить в духовку все компоненты входящие в состав посуды. Основным и единственным материалом является керамика, сделанная исключительно из натуральных материалов, экологически чистая и не выделяющая вредных химических веществ, посуда серии Keramika способна выдерживать температурные нагрузки от <b>-20 до +400&deg;C</b>.</p>

<p>У посуды отсутствует антипригарный керамический слой, основным предназначением является тушение, варка и запекание продуктов.</p>

<p>Благодаря тому, что составляющим материалом является керамика, к вкусу ваших блюд, приготовленных в посуде данной серии, добавится эффект русской печи. Frybest Keramika, подходит для любых типов плит (стеклокерамика, газовые, электрические), кроме индукционных. Так же вся серия может использоваться в микроволновых печах.</p>

<h3 id=""technology"">Технология производства</h3>
<img src=""/upload/medialibrary/afa/frybest-keramika_00.jpg"" title=""frybest keramika"" border=""0"" align=""left"" alt=""frybest keramika"" width=""210"" height=""133"" /> 
<p>&quot;Керамика&quot; от древнегреческого &quot;керамос&quot;, в переводе означает &quot;глина&quot;. В современном смысле слово &quot;керамика&quot; обозначает глину, прошедшую обжиг. Именно после обжига керамика становится такой твердой, водостойкой и жаропрочной.</p>

<p>В настоящее время технология изготовления керамической посуды стала более совершенной. Для того, что бы необработанной глине придать новый вид, используются гипсовые формы или специальные прессы. После чего форма обрабатывается и из нее удаляется воздух, что улучает качество и пластические свойства. В конечном итоге заготовки подвергаются обжигу при высоких температурах от 900 до 1250°С. Для избежания трещин и для придания керамике блеска ее покрывают стекловидным составом.</p>

<h2 id=""keramikaadvantages"">Преимущества керамической посуды</h2>

<ul> 
<li>Еда приобретает ту мягкость и утончённый вкус при приготовлении;</li>

<li>Стенки прогреваются медленно и равномерно;</li>

<li>Пища в керамике томится, сохраняя все витамины и протеины;</li>

<li>При подаче на стол блюда выглядят аппетитно и оригинально;</li>

<li>Так же подходит для мытья в посудомоечной машине;</li>

<li>Приготовленной в керамической посуде пище, добавляется эффект русской печи.</li>
</ul>

<h4 id=""composition"">В серию Frybest Keramika входит:</h4>

<ul> 
<li>Сковорода диаметром <a href=""http://eco-skovoroda.ru/catalog/frypan/skovoroda_keramicheskaya_frybest_seriya_keramika_22_sm_s_kryshkoy/"" ><b>22см</b></a> </li>

<li>Кастрюля диаметром <a href=""http://eco-skovoroda.ru/catalog/casserole/kastryulya_keramicheskaya_kruglaya_frybest_seriya_keramika_0_95_l_s_kryshkoy/"" ><b>18см/0.95л</b></a> </li>

<li><a href=""http://eco-skovoroda.ru/catalog/fryer/?price_id=0&brand=frybest&seria=66&apply=&incolor="" >Жаровни/формы</a> для запекания 
<br />
Без крышки <a href=""http://eco-skovoroda.ru/catalog/fryer/forma_dlya_zapekaniya_keramicheskaya_ovalnaya_frybest_30x18x4_6sm/"" ><b>30х18х4.6см</b></a>, <a href=""http://eco-skovoroda.ru/catalog/fryer/forma_dlya_zapekaniya_keramicheskaya_ovalnaya_frybest_36x22x5_5sm/"" ><b>36х22х5.5см</b></a>, <a href=""http://eco-skovoroda.ru/catalog/fryer/forma_dlya_zapekaniya_keramicheskaya_kvadratnaya_frybest_31x31x5_5sm/"" ><b>31х31х5.5см</b></a> и <a href=""http://eco-skovoroda.ru/catalog/fryer/forma_dlya_zapekaniya_keramicheskaya_pryamougolnaya_frybest_36x22x5_5sm/"" ><b>36х22х5.5см</b></a> 
<br />
С крышкой <a href=""http://eco-skovoroda.ru/catalog/fryer/zharovnya_keramicheskaya_kvadratnaya_frybest_seriya_keramika_1_9_l_s_kryshkoy/"" ><b>23x20x6.5см</b></a>, <a href=""http://eco-skovoroda.ru/catalog/fryer/zharovnya_keramicheskaya_ovalnaya_frybest_seriya_keramika_1_4_l_s_kryshkoy/"" ><b>25см/1.4л</b></a> и <a href=""http://eco-skovoroda.ru/catalog/fryer/zharovnya_keramicheskaya_ovalnaya_frybest_seriya_keramika_1_9_l_s_kryshkoy/"" ><b>30x18см/1.9л</b></a> </li>
</ul>
"
4610018292852^5000^^^^tima^Германия^Да^Silver^accessories^Аксессуары^кухонные ножницы^^^^Алюминий^0.1^5^прямые^1^бакелит^0.7^стандартное^^^^^черный^красный^любая, кроме индукционных^12х13х10^^^^^^^^^^12^16^1^Сковороды|Жаровни^661^"Все товары/Дом и дача/Посуда и кухонные принадлежности/Приготовление пищи/Кастрюли и ковши
"^"<p>Серия FRYBEST Carat сделана из высококачественного алюминия с керамическим покрытием – Ecolon Superior. Подходит ко всем типам плит, включая индукционные. Можно использовать в посудомоечной машине. Серия FRYEBST Carat произведена в Южной Корее.</p>

<h3>Преимущества серии FRYBEST Carat и внешний вид:</h3>
<ul>
<li>Внешний вид похож на огранку драгоценного камня бирюзового цвета;</li>
<li>Литой корпус для равномерного распределения тепла;</li>
<li>Крепление ручки без заклепок;</li>
<li>Можно мыть в посудомоечной машине;</li>
<li>Керамическое покрытие Ecolon Superior устойчивое к повреждениям;</li>
<li>Безопасна для здоровья. Не вступает в реакцию с едой;</li>
<li>Стильный белоснежный внешний вид. Дизайн серии отмечен международной премией RED Dot.</li>
</ul>

<h3><span>Керамическое покрытие Ecolon Superior</span></h3>

<p>Ecolon Superior - это новое, усовершенствованное покрытие Ecolon, которое было доработано и улучшено с учетом всех потребностей при приготовлении пищи в домашних условиях.</p>

<p>В новом поколении покрытия Ecolon Superior была увеличена толщина покрытия. Это позволило увеличить его прочность и долговечность.</p>

<p>Как известно, микро царапины, образовывавшиеся после мытья посуды, постепенно снижают антипригарные свойства покрытия. В новом керамическом покрытие Ecolon Superior эта проблема была учтена и за счет увеличенной прочности покрытия уход за посудой стал еще проще.</p>

<h3>Преимущества покрытия Ecolon Superior</h3>

<ul>
<li>Экологичное, безопасное для здоровья человека;</li>
<li>Содержит только натуральные материалы (99,9%);</li>
<li>Отсутствуют тяжелые металлы;</li>
<li>Можно готовить пищу с минимальным количеством масла или без;</li>
<li>Защита от повреждений, царапин. Допускает использование металлических аксессуаров (не острых);</li>
<li>Пища не пригорает и не прилипает;</li>
<li>Легко чистится с минимальным количеством моющего средства.</li>
</ul>

"
